{"cameraMode":{"drawMode":0,"name":"Shaded","section":"Shading Mode"},"sceneLighting":true,"audioPlay":false,"sceneViewState":{"showFog":true,"showMaterialUpdate":false,"showSkybox":true,"showFlares":true,"showImageEffects":true,"showParticleSystems":true},"in2DMode":false,"pivot":{"x":-6.620555877685547,"y":-3.0998892784118654,"z":5.746575355529785},"rotation":{"x":0.17810282111167909,"y":-0.3524114787578583,"z":0.06850455701351166,"w":0.9161882996559143},"size":13.166714668273926,"orthographic":false}